sequence,state,event,delta_f10_pp,delta_f25_pp,delta_f50_pp,support_iou_pct,weighted_jaccard_pct,free_space_recall_pct,sign_accuracy_pct
1207_acl_jackal2,A,L1,-0.20,+1.01,+0.90,94.45,92.11,99.45,98.46
1207_acl_jackal2,B,L1->L2,-0.71,-0.58,-0.32,98.76,97.94,99.92,99.55
1207_acl_jackal2,A,L2,+0.40,+0.62,+1.72,88.14,81.38,98.38,96.34
1207_acl_jackal2,B,L2->L3,-0.90,-1.78,-0.62,95.65,92.70,99.83,98.53
1207_acl_jackal2,A,L3,-0.12,-2.63,+0.05,79.33,73.34,96.55,86.59
1207_hathor,A,L1,+1.54,+2.75,+2.34,87.80,83.61,97.84,92.74
1207_hathor,B,L1->L2,+0.79,+1.58,+0.50,88.70,85.67,98.18,93.11
1207_hathor,A,L2,+1.23,+1.49,+1.17,82.93,75.75,96.65,91.25
1207_hathor,B,L2->L3,+0.83,+0.92,+1.14,83.14,75.92,96.70,91.31
1207_hathor,A,L3,+0.24,+0.37,+0.57,81.40,74.51,96.07,90.74
1207_hathor,B,L3->L4,+0.29,+0.29,+0.65,83.52,76.83,96.63,91.66
1207_hathor,A,L4,+0.73,+1.18,+0.77,78.19,70.00,95.15,88.59
1207_hathor,B,L4->L5,+0.82,+1.43,+0.66,78.33,70.04,95.22,88.65
1207_hathor,A,L5,+0.25,+1.12,+1.48,74.44,63.84,94.44,87.11
1207_hathor,B,L5->L6,-0.58,-0.67,-0.11,78.62,68.31,95.51,89.18
1207_hathor,A,L6,+0.00,-1.48,-1.28,71.69,60.47,93.61,84.47
1207_sparkal1,A,L1,+0.10,+0.06,-0.12,88.33,88.32,98.92,95.18
1207_sparkal1,B,L1->L2,-0.26,-0.33,-0.37,92.02,91.02,99.28,96.73
1207_sparkal1,A,L2,+0.78,+1.68,+0.82,79.62,71.09,96.81,89.19
1208_acl_jackal2,A,L1,+0.29,-0.07,-1.77,88.37,87.70,99.33,96.90
1208_acl_jackal2,B,L1->L2,-0.43,-0.70,-1.67,92.71,91.57,99.69,98.11
1208_acl_jackal2,A,L2,+0.47,+0.33,-0.80,84.90,78.34,98.63,95.44
1208_apis,A,L1,+0.29,-0.31,-1.38,88.98,87.94,99.16,96.20
1208_apis,B,L1->L2,+0.19,-0.30,-0.88,91.49,90.35,99.35,97.02
1208_apis,A,L2,+0.03,-0.46,-1.04,83.17,77.91,98.14,93.60
